{
  "db": {
    "development": {
      "username": "root",
      "password": "",
      "host": "localhost",
      "port": 2701,
      "database": "brotchengold-auth-development"
    },
    "testing": {
      "username": "",
      "password": "",
      "host": "",
      "port": 2701,
      "database": ""
    },
    "staging": {
      "username": "",
      "password": "",
      "host": "",
      "port": 2701,
      "database": ""
    },
    "production": {
      "username": "tempylan_root",
      "password": "Bread@321",
      "host": "localhost",
      "port": 3306,
      "database": "tempylan_brotchengold_auth_production" 
    }
  },
  "FORCE_DB_SYNC": "false",
  "jwtOptions": {
    "secretOrKey": "boilerplate",
    "ignoreExpiration": true,
    "passReqToCallback": true
  },
  "awsConfig": {
    "accessKeyId": "",
    "secretAccessKey": "",
    "region": ""
  }
}